id;name;description;created_at;updated_at
1;Officer Saudi New;vortals;2022-02-07T10:42:19;2022-02-06T20:30:00
2;Afghani yellow;Cotton deploy;2022-02-07T04:10:16;2022-02-07T02:12:53
3;1080p Chicken;artificial Omani;2022-02-06T14:40:07;2022-02-07T10:56:46
4;drive Persistent Samoa;Cotton;2022-02-06T20:53:20;2022-02-07T09:00:22
5;Operative Meadows Chile;Metal;2022-02-07T00:37:32;2022-02-06T17:02:56
6;open-source Home;Peru Directives well-modulated;2022-02-07T11:53:18;2022-02-07T04:52:16
7;content-based Chips;Incredible Global plum;2022-02-07T09:15:44;2022-02-07T07:33:13
8;Tuna Business-focused;background;2022-02-07T08:13:58;2022-02-07T05:33:11
9;hierarchy port Somalia;Avon uniform connecting;2022-02-06T23:07:07;2022-02-07T01:13:20
10;complexity index;hack Clothing User-friendly;2022-02-06T14:20:32;2022-02-06T14:13:09
